<?xml version="1.0" encoding="ISO-8859-1"?>

<!DOCTYPE web-app
    PUBLIC "-//Sun Microsystems, Inc.//DTD Web Application 2.2//EN"
    "http://java.sun.com/j2ee/dtds/web-app_2.2.dtd">

<web-app>
  <servlet>
    <servlet-name>
      ShowMsg
    </servlet-name>

    <servlet-class>
      coreservlets.ShowMessage
    </servlet-class>

    <init-param>
      <param-name>
        message
      </param-name>
      <param-value>
        Shibboleth
      </param-value>
    </init-param>

    <init-param>
      <param-name>
        repeats
      </param-name>
      <param-value>
        5
      </param-value>
    </init-param>
  </servlet>
</web-app>
