<?xml version="1.0" encoding="ISO-8859-1"?>

<Server>
    <!-- Debug low-level events in XmlMapper startup -->
    <xmlmapper:debug level="0" />

    <!-- This is quite flexible; we can either have a log file per
         module in Tomcat (example: ContextManager) or we can have
         one for Servlets and one for Jasper, or we can just have
	 one tomcat.log for both Servlet and Jasper.

	 If you omit "path" there, then stderr should be used.

	 verbosityLevel values can be: 
	    FATAL
	    ERROR
	    WARNING 
            INFORMATION
            DEBUG
         -->

    <Logger name="tc_log" 
            path="logs/tomcat.log"
            customOutput="yes" />

    <Logger name="servlet_log" 
            path="logs/servlet.log"
            customOutput="yes" />

    <Logger name="JASPER_LOG" 
	    path="logs/jasper.log"
            verbosityLevel = "INFORMATION" />

    <ContextManager debug="0" home="." workDir="work" >
        <!-- ContextInterceptor className="org.apache.tomcat.context.LogEvents" / -->
        <ContextInterceptor className="org.apache.tomcat.context.AutoSetup" />
        <ContextInterceptor className="org.apache.tomcat.context.DefaultCMSetter" />
        <ContextInterceptor className="org.apache.tomcat.context.WorkDirInterceptor" />
        <ContextInterceptor className="org.apache.tomcat.context.WebXmlReader" />
        <ContextInterceptor className="org.apache.tomcat.context.LoadOnStartupInterceptor" />
        <!-- Request processing -->
        <RequestInterceptor className="org.apache.tomcat.request.SimpleMapper" debug="0" />
        <RequestInterceptor className="org.apache.tomcat.request.SessionInterceptor" />
        <RequestInterceptor className="org.apache.tomcat.request.SecurityCheck" />
        <RequestInterceptor className="org.apache.tomcat.request.FixHeaders" />

        <Connector className="org.apache.tomcat.service.SimpleTcpConnector">
            <Parameter name="handler" value="org.apache.tomcat.service.http.HttpConnectionHandler"/>
            <Parameter name="port" value="80"/>
        </Connector>

        <Connector className="org.apache.tomcat.service.SimpleTcpConnector">
            <Parameter name="handler" value="org.apache.tomcat.service.connector.Ajp12ConnectionHandler"/>
            <Parameter name="port" value="8007"/>
        </Connector>

        <!-- example - how to override AutoSetup actions -->
        <Context path="/examples" docBase="webapps/examples" debug="0" reloadable="true" > 
        </Context>
        <!-- example - how to override AutoSetup actions -->
        <Context path="" docBase="webapps/ROOT" debug="0" reloadable="true" > 
        </Context>

        <Context path="/test" docBase="webapps/test" debug="0" reloadable="true" > 
        </Context>

    </ContextManager>
</Server>
